1455379222994710531,sexfreek96,2021-11-02 03:40:21,Love sardar police üî•üî•üî•üî•@AmanAmi9 @Farhan10067354 @ilovehuman4 @Chatars59718165 @Pardeep77818045 @Ndeey_lovefat @aagCl0Axb1OaMT9 @PunjabilunFudi https://t.co/Wnu329BBl8,,0,[]
1455379223045152771,lilygc,2021-11-02 03:40:21,"#Cleveland's consent decree years away from completion, #police monitor says https://t.co/Lyxks553jG #ConsentDecree #PoliceReform #LawEnforcement",,0,"['#Cleveland', '#police', '#ConsentDecree']"
1455379223590354947,Abhishe50965999,2021-11-02 03:40:21,"Why Crime team AD , PBS and Sachin Vaze botched up Sushant Murder case??

Did Cooper Hospital Doctors equally involved??

@IPS_Association @PMOIndia 
@mansukhmandviya  @DoPTGoI 
@Dev_Fadnavis @MeNarayanRane 

 PBS VAZE AIDED SSR KILLERS",,0,[]
1455379223963750404,KFordCB9,2021-11-02 03:40:21,Half. Half this town's budget.,,0,[]
1455379225247162371,KingTsoanelo,2021-11-02 03:40:21,Black South Africans after watching that video of Helen Zille being dragged by the police : https://t.co/6InfYUveMO,,0,[]
1455379225486114823,TrainerKjirsten,2021-11-02 03:40:21,"Democrats want YOU to pay for the amnesty of illegal aliens who are gang members and sexual offenders. 

This is CRIMINAL.",,0,[]
1455379225708466186,ahmadshahbazjmi,2021-11-02 03:40:21,"Tripura police said not a single Masjid was burned. 

They are liars. Here is the video evidence. 

#LiarTripuraPolice
#SaveTripuraMuslims https://t.co/ISgBBXsEHL",,0,['#LiarTripuraPolice']
1455379226228576258,Martha01994121,2021-11-02 03:40:21,"Remember the illegal immigrant who had his bail paid by NFL players @J_No24 and @demario__davis? The name of the man they bailed out is Jose Omar Bello Reyes, still an illegal immigrant and now he‚Äôs wanted in connection with a MURDER. Nice job guys. Proud? https://t.co/2yfNQHpheX",,0,[]
1455379226358530058,lesbikang,2021-11-02 03:40:21,saw the tackiest car today in the Pak n Save car park that has fake cow skulls and these metal shark teeth on the b‚Ä¶ https://t.co/lqVbebucUm,,0,[]
1455379226706710531,maracosdt,2021-11-02 03:40:21,"Mientras a terroristas condenados les perdonan sus cr√≠menes, a Uribe lo llaman criminal sin tener ni una sola prueba en su contra. Ese es el discurso de la izquierda que ha calado en miles de desinformados.",,0,[]
1455379227344211973,thehootandhowl,2021-11-02 03:40:22,"@courtneyellis I just finished reading Midnight at the Barclay Hotel by Fleur Bradley, which is a middle grade murd‚Ä¶ https://t.co/q8MN2rfNMm",,0,[]
1455379227579195392,SydneyC62999438,2021-11-02 03:40:22,"To the 34 Police Officers who resigned from your post, Thank you for making our streets a safer place.",,0,[]
1455379227465900032,MarciaBunney,2021-11-02 03:40:22,Also a good time to remember that the biggest killer of US police in 2020 and 2021 was COVID.,,0,[]
1455379228824772611,ChintuJainHS,2021-11-02 03:40:22,"Why did the red cap guy run away with the body bag? Did he hide evidences of murder in it? Who was he and how was he allowed in?

@PMOIndia @HMOIndia @DoPTGoI 

PBS VAZE AIDED SSR KILLERS",,0,[]
1455379229474902017,WritingRana,2021-11-02 03:40:22,@WritingRana Are the haram police in uniform?,,0,[]
1455379230057922562,MahmudAhsan8,2021-11-02 03:40:22,"Socialist presidential candidate Eugene Debs said 100 years ago, ‚Äúwhile there is a lower class, I am in it, and while there is a criminal element I am of it, and while there is a soul in prison, I am not free.‚Äù

That commitment may seem radical: But socialists think in universals https://t.co/n2OV3rgwj4",,0,[]
1455379231970664451,KEWALSI20746458,2021-11-02 03:40:23,"Proud father getting salute from the proud daughter... 
Dy SP of #UP police 
Apeksha Nimbadia salutes her father DIG #ITBP APS Nimbadia.
@ITBP_official @Uppolice https://t.co/E4E4ROyySA",,0,['#UP']
1455379232188686341,Jerry_DurhamPT,2021-11-02 03:40:23,Covid vaccines proving to be a remarkably good screener for police and soldiers who put their own interests above the public they ‚Äúserve‚Äù and dangerously believe themselves to be the sole arbiters of right and wrong,,0,[]
1455379232541102080,jkavanagh,2021-11-02 03:40:23,"Adam Schiff: The Department of Justice ""should be doing a lot more"" when it comes to investigating ""any criminal activity that Donald Trump was engaged in.‚Äù",,0,[]
1455379233010823171,MHutasangkas,2021-11-02 03:40:23,Police officers Love really sudden fast movements during a traffic stop,,0,[]
1455379233191104513,CorneliusMill15,2021-11-02 03:40:23,"According to the NY Post, only 34 police officers are placed on leave for not adhering to the city's vaccine mandate.  Seems some folks may have overstated the problem. https://t.co/CJG9A6ydIJ",,0,[]
1455379233388126214,weyweyland,2021-11-02 03:40:23,"Story time!!!

While we were having our relief goods distribution a while ago, we were surprised that a police mobile came and police officers put up a tarpaulin with ‚ÄúDuterte Legacy‚Äù on it. 1/5 https://t.co/s5nu7GQATm",,0,[]
1455379233560272896,ColoJo3,2021-11-02 03:40:23,"That's where  MSM-Big Tech will bear a huge responsibility, financial+criminal, for censoring &amp; making honest folks who simply r trying to warn/protect other fellow humans + their children. Wake up folks, we are not masochists liking being bullied, we've been trying to help u. https://t.co/stx6vzJLW1",,0,[]
1455379234306904064,recardenas,2021-11-02 03:40:23,"Veo #ElCasoPinochetxLaRed y no deja de volverme la indignaci√≥n que gracias a un Gobierno de la Concertaci√≥n encabezado por Frei Ruiz-Tagle (DC) y con Jos√© Miguel Insulza (PS) como canciller se prestaron para permitir la impunidad del criminal, asesino y ladr√≥n de Pinochet",,0,['#ElCasoPinochetxLaRed']
1455379234973757440,itsRishika_3,2021-11-02 03:40:23,"On Whose Behest These Two Cover up SSR Murder Case? 

PBS VAZE AIDED SSR KILLERS",,0,[]
1455379235141529600,n00btart,2021-11-02 03:40:23,"no more cat boys, welcome to chicken police https://t.co/Va3nVVskzz",,0,[]
1455379235175075841,honbrogadjm,2021-11-02 03:40:23,"üö®Twenty-three-year-old Janice Howell, a teacher of Retreat Drive, Bayview, Bull Bay in St. Andrew has been missing since Monday, November 01.
¬†
She is of dark complexion, slim build and about 5 feet 6 inches tall.

Contact the Harbour View Police at 876-983-2255 or 119. https://t.co/eTe1Iwyj77",,0,[]
1455379235321880579,Clairee3_xo,2021-11-02 03:40:23,Cats are just pretending not to be as smart as dogs so we don't make them join the police force,,0,[]
1455379235133181955,BillaVMS,2021-11-02 03:40:23,"‡Æö‡Øç‡Æö‡Øà‡Æï‡Øç.. ‡Æ™‡Æö‡Æô‡Øç‡Æï ‡Æá‡Æ™‡Øç‡Æ™‡Øã ‡Æ§‡Ææ‡Æ©‡Øç ‡Æö‡Øä‡Æ©‡Øç‡Æ©‡Ææ‡Æ©‡ØÅ‡Æï ‡Æö‡ØÅ‡Æ±‡Ææ ‡Æ™‡Æü‡Æ§‡Øç‡Æ§ ‡Æö‡ØÇ‡Æ™‡Øç‡Æ™‡Æ∞‡Øç 100 ‡Æ§‡Æü‡Æµ ‡Æï‡ØÇ‡Æü ‡Æ™‡Ææ‡Æï‡Øç‡Æï‡Æ≤‡Øà‡ÆÆ‡Øç‡Æ©‡Øç‡Æ©‡ØÅ ‡Æö‡Øä‡Æ©‡Øç‡Æ©‡Æø‡ÆØ‡Ææ‡ÆÆ‡Øç..?

‡Æ§‡Øç‡Æ§‡ØÅ ‡Æì‡Æü‡ØÅ.. üö∂üèø

#Valimai | #AjithKumar",,0,['#Valimai']
1455379235665809412,Zeeezee__,2021-11-02 03:40:24,Lol,,0,[]
1455379236391358473,PeacockCloud,2021-11-02 03:40:24,"There is no ‚ÄúTrump‚Äôs America‚Äù. There‚Äôs America, and there‚Äôs a criminal named Trump.",,0,[]
1455379236575973376,Subhash_Khiladi,2021-11-02 03:40:24,"Aa rahi hai Police 
#Sooryavanshi is coming! #4daystoSooryavanshi https://t.co/w1YapecHX5",,0,"['#Sooryavanshi', '#4daystoSooryavanshi']"
1455379236668067843,whitebison66,2021-11-02 03:40:24,That has been on display 5+ years.,,0,[]
1455379236894621700,JohannTWayne1,2021-11-02 03:40:24,"The hot topic on MAGA social media tonight is the breaking story that Lindsey told Capitol Police to start shooting them on J6.

If Lindsey thought the little MAGA harassment he got in the airport after he voted to certify was bad, wait until his next trip. They ain‚Äôt happy!",,0,[]
1455379236970061835,HowardTuanqui,2021-11-02 03:40:24,Basura! Pweh!,,0,[]
1455379236928241666,downloadvero,2021-11-02 03:40:24,"#EricAdams will be elected as NYC mayor

#CurtisSliwa will lose and blame it on his voters or even ‚Äúelection fraud‚Äù‚Ä¶ https://t.co/YgpOGkG9V2",,0,"['#EricAdams', '#CurtisSliwa']"
1455379237351956484,ajayctrl,2021-11-02 03:40:24,@CatnautMain the police dgaf üò≠‚ù§Ô∏è,,0,[]
1455379237427363844,Universalwrellc,2021-11-02 03:40:24,Es una banda criminal al servicio del prian. https://t.co/T3QZvy7LJs,,0,[]
1455379238136123392,chaitugooner,2021-11-02 03:40:24,"Former SBI Chairman, arrested for alleged fraud, had sold a hotel worth Rs 200-cr for just Rs 25-cr, when owners defaulted on a loan. After retirement, he becomes a director of the co' that bought it, media reports. Tells you of one of the ways NPA racket operate.",,0,[]
1455379238241009666,destresado,2021-11-02 03:40:24,"Y ah√≠ tienen al Convencional Arancibia rindi√©ndole honores al criminal de Pinochet. Solo en Chile.
#ElCasoPinochetxLaRed",,0,['#ElCasoPinochetxLaRed']
1455379238492598272,Naba_KumarRay,2021-11-02 03:40:24,"#RememberingRajivGandhi and His Word's ""Jab Bada Ped Girta hai to Dharti Hilti Hai"" Which Iniates the Killings of 1‚Ä¶ https://t.co/IYWpXXDWDf",,0,['#RememberingRajivGandhi']
1455379239214125060,Mindywe36542683,2021-11-02 03:40:24,@zerohedge I think someone went &amp; poked him? I want the Spirit of America back. Now it‚Äôs all 1/6. Where are the arr‚Ä¶ https://t.co/IKtFc9hBm9,,0,[]
1455379239692341248,ChrisBrey1,2021-11-02 03:40:25,Real estate heir Robert Durst indicted in 1982 murder of first wife https://t.co/t1ZHkQwcYT https://t.co/9WUWJ7kgAd,,0,[]
1455379239516053508,jogandharayana,2021-11-02 03:40:24,"Sad to see the person folding his hands and requesting the Police.

Imagine the loss he and people like him will suffer because of Ban on FiœÄe crackers on Diwali. But who cares for them?  Who cares about their smiles on 
this Festival?",,0,[]
1455379240107618309,DAccampoFamily,2021-11-02 03:40:25,"@RightStuff47 @RosaWal90673631 @Lynda63986855 @ICanPlainlySee @19472892a @shellyt561 @RosaleeAdams @TOMRJZSR @TakeThatDarwin @DAccampoFamily @Stockfttp @marvin_hill123 @WhimsicalMeToo @GaryZPon @bendevon2 @Micwills2 @HustusMichael @jimbo_always @trixirilla @mjams952 @RalphS24381648 @truthsearch1957 @Charlen60403930 @thedude77 @traveler002 @nightOwlbookLvr @Wahboom @OurpatioI @Jeanetteisback @side_show007 @McginnKeven @3teeas @TheWreckingBal5 @SadieIsrael @MayBlueAsMyEyes @Simplymarvlous @BruceEppard2 @MarilynLavala @sweetleaner @Toniconfid @spoticusthe @thirdeyezoo @BrotherLiberty @MichelBossche @TyDonevski @Flashmx1 @Geri_Believe @kcmimichar @davidf4444 @Raymond10449530 I wish we move away from Identity politics and stop these globalist bastards all over the globe.

Nobody mentions the Rohingya and the Weygers, yes white people are being slaughtered in Africa never gets reported.

But all this murder and Butchery is being done by 1 people üòÆ",,0,[]
1455379240136818696,htTweets,2021-11-02 03:40:25,"SSC Constable in Delhi Police Result 2020 has been revised.

https://t.co/TwhAfrKoeE",,0,[]
1455379240988315648,StephenLierman,2021-11-02 03:40:25,If this criminal wins it was major cheating!,,0,[]
1455379241919565824,shuha____diary,2021-11-02 03:40:25,Prima facie this is a repeating crime. I wonder why the suspected bank acct was never been blacklisted. Hmmmmmm... The moment you make a police report you actually prevented future crime. The bank acct will under suspected list. The owner will have difficulty to open new acct,,0,[]
1455379242200485889,RiffatM,2021-11-02 03:40:25,"A legend remarks on harassment against Indians,Kashmiris who cheered for Pak team. https://t.co/boh2bhAQzg",,0,[]
1455379242452234242,MoCoPGNews,2021-11-02 03:40:25,NEWS PHOTO TOM YEATMAN: https://t.co/SoCgVtDunP,,0,[]
1455379242649362436,danicalynn1988_,2021-11-02 03:40:25,"TOTALLY DIFFERENT TREATMENT 
1. White man refuses to comply with police orders.
2. He resists arrest.
3. He goes to his car &amp; opens the door.
4. He attacks an officer.
5. He chases an officer.
6. He tries to steal his car.
7.  He is never shot.
https://t.co/xe6MAmPBv3 04",,0,[]
1455379243412729860,Tory_Gee,2021-11-02 03:40:25,"fuck, letting every antivaxxer quit law enforcement might end up being the most effective police reform most cities ever enact.",,0,[]
1455379243454586886,Nuriya4N,2021-11-02 03:40:25,"‚öúLOVE-WEALTH-PROSPERITY
‚öúMURDER-HATE-REVENGE
‚öú2 SIDES OF SAME SOUL
‚öúHOW WOULD U HANDLE IT?
https://t.co/ltkwqfImHS  https://t.co/gpZGs4nYQw",,0,[]
1455379244566163458,globug81,2021-11-02 03:40:26,Didn't anybody question why there was no national guard? No police other than those fighting hand to hand?  Because 14 requests for the guard were denied. This was a coup. The Capitol was breached in 19 minutes. An impenetrable building! THINK ABOUT IT,,0,[]
1455379244939415558,HendrixSowell,2021-11-02 03:40:26,In and out burger refuses to be vaccination police‚Ä¶translated‚Ä¶go get a burger at in and out burger. I would if there was one here. https://t.co/jVuzxHZcNr,,0,[]
1455379245778276354,SmallCaps14,2021-11-02 03:40:26,"EMERGENCY WRIT to SCOTUS
üö®üö®üö®üö®üö®üö®üö®
Today, 50 States, 50 applicants v.
50 Secretaries of State, defendants.
Election case.
Fraud Vitiates EVERYTHING.
Pro Se, the constitution secures the right for the people to petition the court. Our RIGHTS WE SHALL MAINTAIN! 
üî•üî•üî•üá∫üá∏üî•üî•üî• https://t.co/hvKibLOCoQ",,0,[]
1455379245887336450,StevijoPayne,2021-11-02 03:40:26,"How many people know the sordid, criminal past of Ali Alexander, one of the key organizers of the protest that turned violent on January 6?! I did not know it until just the other day. Everyone should know it.",,0,[]
1455379247535575040,itsRishika_3,2021-11-02 03:40:26,"Who Is Mastermind Of SSR Murder? 

PBS VAZE AIDED SSR KILLERS",,0,[]
1455379247535509509,BTS_theonlymen,2021-11-02 03:40:26,Why are we just goin more and more into criminal activities rn https://t.co/l4HYn7ly9A,,0,[]
1455379248609251330,Pinky77424095,2021-11-02 03:40:27,"Hoping that Deshmukh's arrest will benefit the ongoing CBI investigation in the SSR murder case @ips_nupurprasad @dir_ed . Although I hv lost hope already,but this arrest may help usüôÇ",,0,[]
1455379250014470152,Tanutoor85,2021-11-02 03:40:27,"CBI, despite deep mark on neck, bones were completely safe as it's a clear case of murder.
PBS VAZE AIDED SSR KILLERS",,0,[]
1455379250085781504,RadaLimpueza,2021-11-02 03:40:27,"In 2016, a wanted Ohio man sent in the Police a selfie after he saw his mugshot on the news and wasn't keen on the picture. https://t.co/tWjShq3vI3",,0,[]
1455379250136162307,RachnaWarrior,2021-11-02 03:40:27,"üî±Har Har Mahadevüî±

SACHIN Vaze &amp; PARAMBIR Singh knows about both Disha &amp; SSR MURDER case @NIA_India please Interrogate SachinVaze regarding both the case.Those who reinstated Vaze,who PBS worked for #CBI you must expose them
@ips_nupurprasad 

Tagline~PBS VAZE AIDED SSR KILLERS https://t.co/XhBgckqfiO",,0,[]
1455379250446483458,sushmabarva,2021-11-02 03:40:27,"At whose behest did Mumbai police, Cooper doctors and Dr. Sudhir Gupta attempt to derail Sushant‚Äôs case? Why are they not being probed? 

@PMOIndia @HMOIndia @DoPTGoI 

PBS VAZE AIDED SSR KILLERS",,0,[]
